date,product,price
2026-04-29,A Light in the Attic,51.77
2026-04-29,A Light in the Attic,51.77
2026-04-29,A Light in the Attic,51.77
2026-04-29,A Light in the Attic,51.77
2026-04-29,A Light in the Attic,51.77
2026-04-29,A Light in the Attic,51.77
2026-04-29,A Light in the Attic,51.77
2026-04-29,A Light in the Attic,51.77
2026-04-29,A Light in the Attic,51.77
2026-04-29,A Light in the Attic,51.77
2026-04-29,A Light in the Attic,51.77
2026-04-29,A Light in the Attic,51.77
2026-04-29,A Light in the Attic,51.77
2026-04-29,A Light in the Attic,51.77
2026-04-29,A Light in the Attic,51.77
2026-04-29,A Light in the Attic,51.77
2026-04-29,A Light in the Attic,51.77
2026-04-29,A Light in the Attic,51.77
2026-04-29,A Light in the Attic,51.77
2026-04-29,A Light in the Attic,51.77
2026-04-29,A Light in the Attic,51.77
2026-04-29,A Light in the Attic,51.77
2026-04-29,A Light in the Attic,51.77
2026-04-29,A Light in the Attic,51.77
2026-04-29,A Light in the Attic,51.77
2026-04-29,A Light in the Attic,51.77
2026-04-29,A Light in the Attic,51.77
2026-04-29,A Light in the Attic,51.77
2026-04-29,A Light in the Attic,51.77
2026-04-29,A Light in the Attic,51.77
2026-04-29,A Light in the Attic,51.77
2026-04-29,A Light in the Attic,51.77
2026-04-29,A Light in the Attic,51.77
2026-04-29,A Light in the Attic,51.77
2026-04-29,A Light in the Attic,51.77
2026-04-29,A Light in the Attic,51.77
2026-04-29,A Light in the Attic,51.77
2026-04-29,A Light in the Attic,51.77
2026-04-29,A Light in the Attic,51.77
2026-04-29,A Light in the Attic,51.77
2026-04-29,A Light in the Attic,51.77
2026-04-29,A Light in the Attic,51.77
2026-04-29,A Light in the Attic,51.77
2026-04-29,A Light in the Attic,51.77
2026-04-29,A Light in the Attic,51.77
2026-04-29,A Light in the Attic,51.77
2026-04-29,A Light in the Attic,51.77
2026-04-29,A Light in the Attic,51.77
2026-04-29,A Light in the Attic,51.77
